"Name","DisplayName","State","StartMode","StartName","PathName"
"AdobeUpdateService","AdobeUpdateService","Running","Auto","LocalSystem","""C:\Program Files (x86)\Common Files\Adobe\Adobe Desktop Common\ElevationManager\AdobeUpdateService.exe"""
"AdskLicensingService","Autodesk Desktop Licensing Service","Running","Auto","NT AUTHORITY\LocalService","""C:\Program Files (x86)\Common Files\Autodesk Shared\AdskLicensing\Current\AdskLicensingService\AdskLicensingService.exe"""
"Appinfo","Application Information","Running","Manual","LocalSystem","C:\Windows\system32\svchost.exe -k netsvcs -p"
"AppXSvc","AppX Deployment Service (AppXSVC)","Running","Manual","LocalSystem","C:\Windows\system32\svchost.exe -k wsappx -p"
"AudioEndpointBuilder","Windows Audio Endpoint Builder","Running","Auto","LocalSystem","C:\Windows\System32\svchost.exe -k LocalSystemNetworkRestricted -p"
"Audiosrv","Windows Audio","Running","Auto","NT AUTHORITY\LocalService","C:\Windows\System32\svchost.exe -k LocalServiceNetworkRestricted -p"
"BFE","Base Filtering Engine","Running","Auto","NT AUTHORITY\LocalService","C:\Windows\system32\svchost.exe -k LocalServiceNoNetworkFirewall -p"
"BrokerInfrastructure","Background Tasks Infrastructure Service","Running","Auto","LocalSystem","C:\Windows\system32\svchost.exe -k DcomLaunch -p"
"bthserv","Bluetooth Support Service","Running","Manual","NT AUTHORITY\LocalService","C:\Windows\system32\svchost.exe -k LocalService -p"
"camsvc","Capability Access Manager Service","Running","Manual","LocalSystem","C:\Windows\system32\svchost.exe -k osprivacy -p"
"cbdhsvc_a93da","Clipboard User Service_a93da","Running","Auto",,"C:\Windows\system32\svchost.exe -k ClipboardSvcGroup -p"
"CDPSvc","Connected Devices Platform Service","Running","Auto","NT AUTHORITY\LocalService","C:\Windows\system32\svchost.exe -k LocalService -p"
"CDPUserSvc_a93da","Connected Devices Platform User Service_a93da","Running","Auto",,"C:\Windows\system32\svchost.exe -k UnistackSvcGroup"
"CoreMessagingRegistrar","CoreMessaging","Running","Auto","NT AUTHORITY\LocalService","C:\Windows\system32\svchost.exe -k LocalServiceNoNetwork -p"
"CorsairGamingAudioConfig","Corsair Gaming Audio Configuration Service","Running","Auto","LocalSystem","C:\Windows\System32\CorsairGamingAudioCfgService64.exe"
"cplspcon","Intel(R) Content Protection HDCP Service","Running","Auto","LocalSystem","C:\Windows\System32\DriverStore\FileRepository\iigd_dch.inf_amd64_5b1252b3763da959\IntelCpHDCPSvc.exe"
"CryptSvc","Cryptographic Services","Running","Auto","NT Authority\NetworkService","C:\Windows\system32\svchost.exe -k NetworkService -p"
"DcomLaunch","DCOM Server Process Launcher","Running","Auto","LocalSystem","C:\Windows\system32\svchost.exe -k DcomLaunch -p"
"DeviceAssociationService","Device Association Service","Running","Auto","LocalSystem","C:\Windows\system32\svchost.exe -k LocalSystemNetworkRestricted -p"
"DeviceInstall","Device Install Service","Running","Manual","LocalSystem","C:\Windows\system32\svchost.exe -k DcomLaunch -p"
"DevicesFlowUserSvc_a93da","DevicesFlow_a93da","Running","Manual",,"C:\Windows\system32\svchost.exe -k DevicesFlow"
"Dhcp","DHCP Client","Running","Auto","NT Authority\LocalService","C:\Windows\system32\svchost.exe -k LocalServiceNetworkRestricted -p"
"DispBrokerDesktopSvc","Display Policy Service","Running","Auto","NT AUTHORITY\LocalService","C:\Windows\system32\svchost.exe -k LocalService -p"
"DisplayEnhancementService","Display Enhancement Service","Running","Manual","LocalSystem","C:\Windows\system32\svchost.exe -k LocalSystemNetworkRestricted -p"
"Dnscache","DNS Client","Running","Auto","NT AUTHORITY\NetworkService","C:\Windows\system32\svchost.exe -k NetworkService -p"
"DoSvc","Delivery Optimization","Running","Auto","NT Authority\NetworkService","C:\Windows\System32\svchost.exe -k NetworkService -p"
"DPS","Diagnostic Policy Service","Running","Manual","NT AUTHORITY\LocalService","C:\Windows\System32\svchost.exe -k LocalServiceNoNetwork -p"
"dptftcs","Intel(R) Dynamic Tuning Technology Telemetry Service","Running","Auto","NT Authority\LocalService","""C:\Windows\System32\DriverStore\FileRepository\dtt_sw.inf_amd64_a56d66a9d40a4cb2\ipfsvc.exe"""
"DsSvc","Data Sharing Service","Running","Manual","LocalSystem","C:\Windows\System32\svchost.exe -k LocalSystemNetworkRestricted -p"
"DusmSvc","Data Usage","Running","Auto","NT Authority\LocalService","C:\Windows\System32\svchost.exe -k LocalServiceNetworkRestricted -p"
"EventLog","Windows Event Log","Running","Auto","NT AUTHORITY\LocalService","C:\Windows\System32\svchost.exe -k LocalServiceNetworkRestricted -p"
"EventSystem","COM+ Event System","Running","Auto","NT AUTHORITY\LocalService","C:\Windows\system32\svchost.exe -k LocalService -p"
"FlexNet Licensing Service 64","FlexNet Licensing Service 64","Running","Auto","LocalSystem","""C:\Program Files\Common Files\Macrovision Shared\FlexNet Publisher\FNPLicensingService64.exe"""
"FontCache","Windows Font Cache Service","Running","Auto","NT AUTHORITY\LocalService","C:\Windows\system32\svchost.exe -k LocalService -p"
"GamingServices","Gaming Services","Running","Auto","LocalSystem","""C:\Program Files\WindowsApps\Microsoft.GamingServices_30.104.13001.0_x64__8wekyb3d8bbwe\GamingServices.exe"""
"GamingServicesNet","Gaming Services","Running","Auto","NT AUTHORITY\LocalService","""C:\Program Files\WindowsApps\Microsoft.GamingServices_30.104.13001.0_x64__8wekyb3d8bbwe\GamingServicesNet.exe"""
"gpsvc","Group Policy Client","Running","Auto","LocalSystem","C:\Windows\system32\svchost.exe -k netsvcs -p"
"GraphicsPerfSvc","GraphicsPerfSvc","Running","Manual","LocalSystem","C:\Windows\System32\svchost.exe -k GraphicsPerfSvcGroup"
"hidserv","Human Interface Device Service","Running","Manual","LocalSystem","C:\Windows\system32\svchost.exe -k LocalSystemNetworkRestricted -p"
"HPPrintScanDoctorService","HP Print Scan Doctor Service","Running","Auto","LocalSystem","""C:\Program Files\HPPrintScanDoctor\HPPrintScanDoctorService.exe"""
"HvHost","HV Host Service","Running","Manual","LocalSystem","C:\Windows\system32\svchost.exe -k LocalSystemNetworkRestricted -p"
"igccservice","Intel(R) Graphics Command Center Service","Running","Auto","LocalSystem","""C:\Windows\System32\DriverStore\FileRepository\igcc_dch.inf_amd64_4e93878658043b21\OneApp.IGCC.WinService.exe"""
"IKEEXT","IKE and AuthIP IPsec Keying Modules","Running","Auto","LocalSystem","C:\Windows\system32\svchost.exe -k netsvcs -p"
"InstallService","Microsoft Store Install Service","Running","Manual","LocalSystem","C:\Windows\System32\svchost.exe -k netsvcs -p"
"IntelAudioService","Intel(R) Audio Service","Running","Auto","LocalSystem","C:\Windows\System32\DriverStore\FileRepository\intcoed.inf_amd64_cbcebe813d4324dc\\AS\\IAS\\IntelAudioService.exe"
"ipfsvc","Intel(R) Innovation Platform Framework Service","Running","Auto","LocalSystem","""C:\Windows\System32\DriverStore\FileRepository\ipf_cpu.inf_amd64_b4463a9eb4e1c069\ipf_uf.exe"""
"iphlpsvc","IP Helper","Running","Auto","LocalSystem","C:\Windows\System32\svchost.exe -k NetSvcs -p"
"JetBrainsEtwHost.16","JetBrains ETW Host Service v16.43.0 (x64)","Running","Auto","LocalSystem","""C:\Program Files\JetBrains\ETW Host\16\JetBrains.Etw.Collector.Host.exe"""
"jhi_service","Intel(R) Dynamic Application Loader Host Interface Service","Running","Auto","LocalSystem","C:\Windows\System32\DriverStore\FileRepository\dal.inf_amd64_af50fdb80983f7bc\jhi_service.exe"
"KeyIso","CNG Key Isolation","Running","Manual","LocalSystem","C:\Windows\system32\lsass.exe"
"LanmanServer","Server","Running","Auto","LocalSystem","C:\Windows\system32\svchost.exe -k netsvcs -p"
"LanmanWorkstation","Workstation","Running","Auto","NT AUTHORITY\NetworkService","C:\Windows\System32\svchost.exe -k NetworkService -p"
"lfsvc","Geolocation Service","Running","Manual","LocalSystem","C:\Windows\system32\svchost.exe -k netsvcs -p"
"LicenseManager","Windows License Manager Service","Running","Manual","NT Authority\LocalService","C:\Windows\System32\svchost.exe -k LocalService -p"
"lmhosts","TCP/IP NetBIOS Helper","Running","Manual","NT AUTHORITY\LocalService","C:\Windows\System32\svchost.exe -k LocalServiceNetworkRestricted -p"
"LSM","Local Session Manager","Running","Auto","LocalSystem","C:\Windows\system32\svchost.exe -k DcomLaunch -p"
"MDCoreSvc","Microsoft Defender Core Service","Running","Auto","LocalSystem","""C:\ProgramData\Microsoft\Windows Defender\Platform\4.18.25070.5-0\MpDefenderCoreService.exe"""
"Micro Star SCM","Micro Star SCM","Running","Auto","LocalSystem","""C:\Windows\SysWOW64\MSIService.exe"""
"mpssvc","Windows Defender Firewall","Running","Auto","NT Authority\LocalService","C:\Windows\system32\svchost.exe -k LocalServiceNoNetworkFirewall -p"
"MSI Foundation Service","MSI Foundation Service","Running","Auto","LocalSystem","""C:\Program Files (x86)\MSI\MSI NBFoundation Service\MSIAPService.exe"""
"MSI Sendevsvc","Sensor dev service","Running","Auto","LocalSystem","""C:\Program Files (x86)\MSI\MSI NBFoundation Service\Sendevsvc.exe"""
"MSI_Center_Service","MSI Center Service","Running","Auto","LocalSystem","""C:\Program Files (x86)\MSI\MSI Center\MSI_Central_Service.exe"""
"NahimicService","Nahimic service","Running","Auto","LocalSystem","C:\Windows\System32\NahimicService.exe"
"NcbService","Network Connection Broker","Running","Manual","LocalSystem","C:\Windows\System32\svchost.exe -k LocalSystemNetworkRestricted -p"
"netprofm","Network List Service","Running","Manual","NT AUTHORITY\NetworkService","C:\Windows\System32\svchost.exe -k netprofm -p"
"NetSetupSvc","Network Setup Service","Running","Manual","LocalSystem","C:\Windows\System32\svchost.exe -k netsvcs -p"
"NgcCtnrSvc","Microsoft Passport Container","Running","Manual","NT AUTHORITY\LocalService","C:\Windows\system32\svchost.exe -k LocalServiceNetworkRestricted -p"
"NgcSvc","Microsoft Passport","Running","Manual","LocalSystem","C:\Windows\system32\svchost.exe -k LocalSystemNetworkRestricted -p"
"NPSMSvc_a93da","NPSMSvc_a93da","Running","Manual",,"C:\Windows\system32\svchost.exe -k LocalService -p"
"nsi","Network Store Interface Service","Running","Auto","NT Authority\LocalService","C:\Windows\system32\svchost.exe -k LocalService -p"
"NvContainerLocalSystem","NVIDIA LocalSystem Container","Running","Auto","LocalSystem","""C:\Program Files\NVIDIA Corporation\NvContainer\nvcontainer.exe"" -s NvContainerLocalSystem -a -f ""C:\ProgramData\NVIDIA Corporation\NVIDIA app\NvContainer\NvContainerLocalSystem.log"" -l 3 -d ""C:\Program Files\NVIDIA Corporation\NvContainer\plugins\LocalSystem"" -r -p 30000  -ert"
"NVDisplay.ContainerLocalSystem","NVIDIA Display Container LS","Running","Auto","LocalSystem","C:\Windows\System32\DriverStore\FileRepository\nvmii.inf_amd64_dec58f6b93e9280e\Display.NvContainer\NVDisplay.Container.exe -s NVDisplay.ContainerLocalSystem -f C:\ProgramData\NVIDIA\NVDisplay.ContainerLocalSystem.log -l 3 -d C:\Windows\System32\DriverStore\FileRepository\nvmii.inf_amd64_dec58f6b93e9280e\Display.NvContainer\plugins\LocalSystem -r -p 30000 -cfg NVDisplay.ContainerLocalSystem\LocalSystem /ert"
"OneSyncSvc_a93da","Sync Host_a93da","Running","Auto",,"C:\Windows\system32\svchost.exe -k UnistackSvcGroup"
"PcaSvc","Program Compatibility Assistant Service","Running","Auto","LocalSystem","C:\Windows\system32\svchost.exe -k LocalSystemNetworkRestricted -p"
"PlugPlay","Plug and Play","Running","Manual","LocalSystem","C:\Windows\system32\svchost.exe -k DcomLaunch -p"
"PolicyAgent","IPsec Policy Agent","Running","Manual","NT Authority\NetworkService","C:\Windows\system32\svchost.exe -k NetworkServiceNetworkRestricted -p"
"Power","Power","Running","Auto","LocalSystem","C:\Windows\system32\svchost.exe -k DcomLaunch -p"
"ProfSvc","User Profile Service","Running","Auto","LocalSystem","C:\Windows\system32\svchost.exe -k UserProfileService -p"
"RasMan","Remote Access Connection Manager","Running","Manual","localSystem","C:\Windows\System32\svchost.exe -k netsvcs"
"Razer Chroma SDK Server","Razer Chroma SDK Server","Running","Auto","LocalSystem","""C:\Program Files (x86)\Razer Chroma SDK\bin\RzSDKServer.exe"""
"Razer Chroma SDK Service","Razer Chroma SDK Service","Running","Auto","LocalSystem","""C:\Program Files (x86)\Razer Chroma SDK\bin\RzSDKService.exe"""
"Razer Chroma Stream Server","Razer Chroma Stream Server","Running","Auto","LocalSystem","""C:\Program Files (x86)\Razer Chroma SDK\bin\RzChromaStreamServer.exe"""
"Razer Game Manager Service","Razer Game Manager","Running","Auto","LocalSystem","""C:\Program Files (x86)\Razer\Razer Services\GMS\GameManagerService.exe"""
"Razer Synapse Service","Razer Synapse Service","Running","Auto","LocalSystem","""C:\Program Files (x86)\Razer\Synapse3\Service\Razer Synapse Service.exe"""
"RmSvc","Radio Management Service","Running","Manual","NT AUTHORITY\LocalService","C:\Windows\System32\svchost.exe -k LocalServiceNetworkRestricted"
"RpcEptMapper","RPC Endpoint Mapper","Running","Auto","NT AUTHORITY\NetworkService","C:\Windows\system32\svchost.exe -k RPCSS -p"
"RpcSs","Remote Procedure Call (RPC)","Running","Auto","NT AUTHORITY\NetworkService","C:\Windows\system32\svchost.exe -k rpcss -p"
"RtkAudioUniversalService","Realtek Audio Universal Service","Running","Auto","LocalSystem","C:\Windows\System32\DriverStore\FileRepository\realtekservice.inf_amd64_a92c6a36ec21763b\RtkAudUService64.exe"
"RTUsbSwSrvc","RTUsbSwSrvc","Running","Auto","LocalSystem","C:\Windows\RTUWPSrvcMain.exe"
"RzActionSvc","Razer Central Service","Running","Auto","LocalSystem","""C:\Program Files (x86)\Razer\Razer Services\Razer Central\RazerCentralService.exe"""
"SamSs","Security Accounts Manager","Running","Auto","LocalSystem","C:\Windows\system32\lsass.exe"
"Schedule","Task Scheduler","Running","Auto","LocalSystem","C:\Windows\system32\svchost.exe -k netsvcs -p"
"seclogon","Secondary Logon","Running","Manual","LocalSystem","C:\Windows\system32\svchost.exe -k netsvcs -p"
"SecurityHealthService","Windows Security Service","Running","Manual","LocalSystem","C:\Windows\system32\SecurityHealthService.exe"
"SENS","System Event Notification Service","Running","Auto","LocalSystem","C:\Windows\system32\svchost.exe -k netsvcs -p"
"ShellHWDetection","Shell Hardware Detection","Running","Auto","LocalSystem","C:\Windows\System32\svchost.exe -k netsvcs -p"
"Spooler","Print Spooler","Running","Auto","LocalSystem","C:\Windows\System32\spoolsv.exe"
"SSDPSRV","SSDP Discovery","Running","Manual","NT AUTHORITY\LocalService","C:\Windows\system32\svchost.exe -k LocalServiceAndNoImpersonation -p"
"SstpSvc","Secure Socket Tunneling Protocol Service","Running","Manual","NT Authority\LocalService","C:\Windows\system32\svchost.exe -k LocalService -p"
"StateRepository","State Repository Service","Running","Auto","LocalSystem","C:\Windows\system32\svchost.exe -k appmodel -p"
"StiSvc","Windows Image Acquisition (WIA)","Running","Auto","NT Authority\LocalService","C:\Windows\system32\svchost.exe -k imgsvc"
"StorSvc","Storage Service","Running","Auto","LocalSystem","C:\Windows\System32\svchost.exe -k LocalSystemNetworkRestricted -p"
"SysMain","SysMain","Running","Auto","LocalSystem","C:\Windows\system32\svchost.exe -k LocalSystemNetworkRestricted -p"
"SystemEventsBroker","System Events Broker","Running","Auto","LocalSystem","C:\Windows\system32\svchost.exe -k DcomLaunch -p"
"TapiSrv","Telephony","Running","Manual","NT AUTHORITY\NetworkService","C:\Windows\System32\svchost.exe -k NetworkService -p"
"TextInputManagementService","Text Input Management Service","Running","Auto","LocalSystem","C:\Windows\System32\svchost.exe -k LocalSystemNetworkRestricted -p"
"Themes","Themes","Running","Auto","LocalSystem","C:\Windows\System32\svchost.exe -k netsvcs -p"
"TimeBrokerSvc","Time Broker","Running","Manual","NT AUTHORITY\LocalService","C:\Windows\system32\svchost.exe -k LocalServiceNetworkRestricted -p"
"TokenBroker","Web Account Manager","Running","Manual","LocalSystem","C:\Windows\system32\svchost.exe -k netsvcs -p"
"TrustedInstaller","Windows Modules Installer","Running","Manual","localSystem","C:\Windows\servicing\TrustedInstaller.exe"
"UdkUserSvc_a93da","Udk User Service_a93da","Running","Manual",,"C:\Windows\system32\svchost.exe -k UdkSvcGroup"
"UserManager","User Manager","Running","Auto","LocalSystem","C:\Windows\system32\svchost.exe -k netsvcs -p"
"UsoSvc","Update Orchestrator Service","Running","Auto","LocalSystem","C:\Windows\system32\svchost.exe -k netsvcs -p"
"VaultSvc","Credential Manager","Running","Manual","LocalSystem","C:\Windows\system32\lsass.exe"
"W32Time","Windows Time","Running","Manual","NT AUTHORITY\LocalService","C:\Windows\system32\svchost.exe -k LocalService"
"Wcmsvc","Windows Connection Manager","Running","Auto","NT Authority\LocalService","C:\Windows\system32\svchost.exe -k LocalServiceNetworkRestricted -p"
"WdNisSvc","Microsoft Defender Antivirus Network Inspection Service","Running","Manual","NT AUTHORITY\LocalService","""C:\ProgramData\Microsoft\Windows Defender\Platform\4.18.25070.5-0\NisSrv.exe"""
"webthreatdefsvc","Web Threat Defense Service","Running","Manual","NT AUTHORITY\LocalService","C:\Windows\system32\svchost.exe -k WebThreatDefense -p"
"webthreatdefusersvc_a93da","Web Threat Defense User Service_a93da","Running","Auto",,"C:\Windows\system32\svchost.exe -k LocalSystemNetworkRestricted -p"
"WinDefend","Microsoft Defender Antivirus Service","Running","Auto","LocalSystem","""C:\ProgramData\Microsoft\Windows Defender\Platform\4.18.25070.5-0\MsMpEng.exe"""
"WinHttpAutoProxySvc","WinHTTP Web Proxy Auto-Discovery Service","Running","Manual","NT AUTHORITY\LocalService","C:\Windows\system32\svchost.exe -k LocalServiceNetworkRestricted -p"
"Winmgmt","Windows Management Instrumentation","Running","Auto","localSystem","C:\Windows\system32\svchost.exe -k netsvcs -p"
"WlanSvc","WLAN AutoConfig","Running","Auto","LocalSystem","C:\Windows\system32\svchost.exe -k LocalSystemNetworkRestricted -p"
"WMIRegistrationService","Intel(R) Management Engine WMI Provider Registration","Running","Auto","LocalSystem","C:\Windows\System32\DriverStore\FileRepository\mewmiprov.inf_amd64_d51901c26227fb29\WMIRegistrationService.exe"
"WpnService","Windows Push Notifications System Service","Running","Auto","LocalSystem","C:\Windows\system32\svchost.exe -k netsvcs -p"
"WpnUserService_a93da","Windows Push Notifications User Service_a93da","Running","Auto",,"C:\Windows\system32\svchost.exe -k UnistackSvcGroup"
"wscsvc","Security Center","Running","Auto","NT AUTHORITY\LocalService","C:\Windows\System32\svchost.exe -k LocalServiceNetworkRestricted -p"
"WSearch","Windows Search","Running","Auto","LocalSystem","C:\Windows\system32\SearchIndexer.exe /Embedding"
"WSLService","WSL Service","Running","Auto","LocalSystem","""C:\Program Files\WSL\wslservice.exe"""
"XblAuthManager","Xbox Live Auth Manager","Running","Manual","LocalSystem","C:\Windows\system32\svchost.exe -k netsvcs -p"
"AarSvc_a93da","Agent Activation Runtime_a93da","Stopped","Manual",,"C:\Windows\system32\svchost.exe -k AarSvcGroup -p"
"AdobeARMservice","Adobe Acrobat Update Service","Stopped","Disabled","LocalSystem","""C:\Program Files (x86)\Common Files\Adobe\ARM\1.0\armsvc.exe"""
"AJRouter","AllJoyn Router Service","Stopped","Manual","NT AUTHORITY\LocalService","C:\Windows\system32\svchost.exe -k LocalServiceNetworkRestricted -p"
"ALG","Application Layer Gateway Service","Stopped","Manual","NT AUTHORITY\LocalService","C:\Windows\System32\alg.exe"
"AppIDSvc","Application Identity","Stopped","Manual","NT Authority\LocalService","C:\Windows\system32\svchost.exe -k LocalServiceNetworkRestricted -p"
"AppReadiness","App Readiness","Stopped","Manual","LocalSystem","C:\Windows\System32\svchost.exe -k AppReadiness -p"
"autotimesvc","Cellular Time","Stopped","Manual","NT AUTHORITY\LocalService","C:\Windows\system32\svchost.exe -k autoTimeSvc"
"AxInstSV","ActiveX Installer (AxInstSV)","Stopped","Manual","LocalSystem","C:\Windows\system32\svchost.exe -k AxInstSVGroup"
"battlenet_helpersvc","Battle.net Update Helper Svc","Stopped","Manual","LocalSystem","C:\ProgramData\Battle.net_components\battlenet_helpersvc\AgentHelper.exe"
"BcastDVRUserService_a93da","GameDVR and Broadcast User Service_a93da","Stopped","Manual",,"C:\Windows\system32\svchost.exe -k BcastDVRUserService"
"BDESVC","BitLocker Drive Encryption Service","Stopped","Manual","localSystem","C:\Windows\System32\svchost.exe -k netsvcs -p"
"BITS","Background Intelligent Transfer Service","Stopped","Manual","LocalSystem","C:\Windows\System32\svchost.exe -k netsvcs -p"
"BluetoothUserService_a93da","Bluetooth User Support Service_a93da","Stopped","Manual",,"C:\Windows\system32\svchost.exe -k BthAppGroup -p"
"BTAGService","Bluetooth Audio Gateway Service","Stopped","Manual","NT AUTHORITY\LocalService","C:\Windows\system32\svchost.exe -k LocalServiceNetworkRestricted"
"BthAvctpSvc","AVCTP service","Stopped","Manual","NT AUTHORITY\LocalService","C:\Windows\system32\svchost.exe -k LocalService -p"
"CaptureService_a93da","CaptureService_a93da","Stopped","Manual",,"C:\Windows\system32\svchost.exe -k LocalService -p"
"CertPropSvc","Certificate Propagation","Stopped","Manual","LocalSystem","C:\Windows\system32\svchost.exe -k netsvcs"
"ClickToRunSvc","Microsoft Office Click-to-Run Service","Stopped","Disabled","LocalSystem","""C:\Program Files\Common Files\Microsoft Shared\ClickToRun\OfficeClickToRun.exe"" /service"
"ClipSVC","Client License Service (ClipSVC)","Stopped","Manual","LocalSystem","C:\Windows\System32\svchost.exe -k wsappx -p"
"CloudBackupRestoreSvc_a93da","Cloud Backup and Restore Service_a93da","Stopped","Manual",,"C:\Windows\system32\svchost.exe -k UnistackSvcGroup"
"COMSysApp","COM+ System Application","Stopped","Manual","LocalSystem","C:\Windows\system32\dllhost.exe /Processid:{02D4B3F1-FD88-11D1-960D-00805FC79235}"
"ConsentUxUserSvc_a93da","ConsentUX User Service_a93da","Stopped","Manual",,"C:\Windows\system32\svchost.exe -k DevicesFlow"
"CorsairCpuIdService","Corsair CpuIdService","Stopped","Disabled","LocalSystem","""C:\Program Files\Corsair\Corsair iCUE5 Software\Corsair iCUE5 Software\CorsairCpuIdService.exe"""
"CorsairDeviceListerService","Corsair Device Listing Service","Stopped","Disabled","LocalSystem","""C:\Program Files\Corsair\Corsair iCUE5 Software\Corsair iCUE5 Software\CorsairDeviceListerService.exe"""
"CredentialEnrollmentManagerUserSvc_a93da","CredentialEnrollmentManagerUserSvc_a93da","Stopped","Manual",,"C:\Windows\system32\CredentialEnrollmentManager.exe"
"dcsvc","Declared Configuration(DC) service","Stopped","Manual","LocalSystem","C:\Windows\system32\svchost.exe -k netsvcs -p"
"defragsvc","Optimize drives","Stopped","Manual","localSystem","C:\Windows\system32\svchost.exe -k defragsvc"
"DeviceAssociationBrokerSvc_a93da","DeviceAssociationBroker_a93da","Stopped","Manual",,"C:\Windows\system32\svchost.exe -k DevicesFlow -p"
"DevicePickerUserSvc_a93da","DevicePicker_a93da","Stopped","Manual",,"C:\Windows\system32\svchost.exe -k DevicesFlow"
"DevQueryBroker","DevQuery Background Discovery Broker","Stopped","Manual","LocalSystem","C:\Windows\system32\svchost.exe -k LocalSystemNetworkRestricted -p"
"diagnosticshub.standardcollector.service","Microsoft (R) Diagnostics Hub Standard Collector Service","Stopped","Manual","LocalSystem","C:\Windows\system32\DiagSvcs\DiagnosticsHub.StandardCollector.Service.exe"
"diagsvc","Diagnostic Execution Service","Stopped","Manual","LocalSystem","C:\Windows\System32\svchost.exe -k diagnostics"
"DiagTrack","Connected User Experiences and Telemetry","Stopped","Disabled","LocalSystem","C:\Windows\System32\svchost.exe -k utcsvc -p"
"DmEnrollmentSvc","Device Management Enrollment Service","Stopped","Manual","LocalSystem","C:\Windows\system32\svchost.exe -k netsvcs -p"
"dmwappushservice","Device Management Wireless Application Protocol (WAP) Push message Routing Service","Stopped","Manual","LocalSystem","C:\Windows\system32\svchost.exe -k netsvcs -p"
"dot3svc","Wired AutoConfig","Stopped","Manual","localSystem","C:\Windows\system32\svchost.exe -k LocalSystemNetworkRestricted -p"
"DsmSvc","Device Setup Manager","Stopped","Manual","LocalSystem","C:\Windows\system32\svchost.exe -k netsvcs -p"
"EapHost","Extensible Authentication Protocol","Stopped","Manual","localSystem","C:\Windows\System32\svchost.exe -k netsvcs -p"
"edgeupdate","Microsoft Edge Update Service (edgeupdate)","Stopped","Auto","LocalSystem","""C:\Program Files (x86)\Microsoft\EdgeUpdate\MicrosoftEdgeUpdate.exe"" /svc"
"edgeupdatem","Microsoft Edge Update Service (edgeupdatem)","Stopped","Manual","LocalSystem","""C:\Program Files (x86)\Microsoft\EdgeUpdate\MicrosoftEdgeUpdate.exe"" /medsvc"
"EFS","Encrypting File System (EFS)","Stopped","Manual","LocalSystem","C:\Windows\System32\lsass.exe"
"embeddedmode","Embedded Mode","Stopped","Manual","LocalSystem","C:\Windows\System32\svchost.exe -k LocalSystemNetworkRestricted -p"
"EntAppSvc","Enterprise App Management Service","Stopped","Manual","LocalSystem","C:\Windows\system32\svchost.exe -k appmodel -p"
"fdPHost","Function Discovery Provider Host","Stopped","Manual","NT AUTHORITY\LocalService","C:\Windows\system32\svchost.exe -k LocalService -p"
"FDResPub","Function Discovery Resource Publication","Stopped","Manual","NT AUTHORITY\LocalService","C:\Windows\system32\svchost.exe -k LocalServiceAndNoImpersonation -p"
"fhsvc","File History Service","Stopped","Manual","LocalSystem","C:\Windows\system32\svchost.exe -k LocalSystemNetworkRestricted -p"
"FontCache3.0.0.0","Windows Presentation Foundation Font Cache 3.0.0.0","Stopped","Manual","NT Authority\LocalService","C:\Windows\Microsoft.Net\Framework64\v3.0\WPF\PresentationFontCache.exe"
"FrameServer","Windows Camera Frame Server","Stopped","Manual","NT AUTHORITY\LocalService","C:\Windows\System32\svchost.exe -k Camera"
"FrameServerMonitor","Windows Camera Frame Server Monitor","Stopped","Manual","LocalSystem","C:\Windows\System32\svchost.exe -k CameraMonitor"
"FvSvc","NVIDIA FrameView SDK service","Stopped","Manual","LocalSystem","""C:\Program Files\NVIDIA Corporation\FrameViewSDK\nvfvsdksvc_x64.exe"" -service"
"GameInput Service","GameInput Service","Stopped","Auto","LocalSystem","""C:\Program Files (x86)\Microsoft GameInput\x64\gameinputsvc.exe"""
"GameInputSvc","GameInput Service","Stopped","Manual","LocalSystem","C:\Windows\System32\GameInputSvc.exe"
"GoogleChromeElevationService","Google Chrome Elevation Service (GoogleChromeElevationService)","Stopped","Manual","LocalSystem","""C:\Program Files\Google\Chrome\Application\139.0.7258.154\elevation_service.exe"""
"GoogleUpdaterInternalService141.0.7340.0","Google Updater Internal Service (GoogleUpdaterInternalService141.0.7340.0)","Stopped","Auto","LocalSystem","""C:\Program Files (x86)\Google\GoogleUpdater\141.0.7340.0\updater.exe"" --system --windows-service --service=update-internal"
"GoogleUpdaterService141.0.7340.0","Google Updater Service (GoogleUpdaterService141.0.7340.0)","Stopped","Auto","LocalSystem","""C:\Program Files (x86)\Google\GoogleUpdater\141.0.7340.0\updater.exe"" --system --windows-service --service=update"
"icssvc","Windows Mobile Hotspot Service","Stopped","Manual","NT Authority\LocalService","C:\Windows\system32\svchost.exe -k LocalServiceNetworkRestricted -p"
"iCUEUpdateService","Corsair iCUE Update Service","Stopped","Disabled","LocalSystem","""C:\Program Files\Corsair\Corsair iCUE5 Software\Corsair iCUE5 Software\iCUEUpdateService.exe"""
"Intel(R) Platform License Manager Service","Intel(R) Platform License Manager Service","Stopped","Auto","LocalSystem","C:\Windows\System32\DriverStore\FileRepository\iclsclient.inf_amd64_fc84dfa25a6a7727\lib\PlatformLicenseManagerService.exe"
"InventorySvc","Inventory and Compatibility Appraisal service","Stopped","Manual","LocalSystem","C:\Windows\system32\svchost.exe -k InvSvcGroup -p"
"IpxlatCfgSvc","IP Translation Configuration Service","Stopped","Manual","LocalSystem","C:\Windows\System32\svchost.exe -k LocalSystemNetworkRestricted -p"
"KtmRm","KtmRm for Distributed Transaction Coordinator","Stopped","Manual","NT AUTHORITY\NetworkService","C:\Windows\System32\svchost.exe -k NetworkServiceAndNoImpersonation -p"
"lltdsvc","Link-Layer Topology Discovery Mapper","Stopped","Manual","NT AUTHORITY\LocalService","C:\Windows\System32\svchost.exe -k LocalService -p"
"LxpSvc","Language Experience Service","Stopped","Manual","LocalSystem","C:\Windows\system32\svchost.exe -k netsvcs"
"MapsBroker","Downloaded Maps Manager","Stopped","Auto","NT AUTHORITY\NetworkService","C:\Windows\System32\svchost.exe -k NetworkService -p"
"McpManagementService","McpManagementService","Stopped","Manual","LocalSystem","C:\Windows\system32\svchost.exe -k McpManagementServiceGroup"
"MessagingService_a93da","MessagingService_a93da","Stopped","Manual",,"C:\Windows\system32\svchost.exe -k UnistackSvcGroup"
"MicrosoftEdgeElevationService","Microsoft Edge Elevation Service (MicrosoftEdgeElevationService)","Stopped","Manual","LocalSystem","""C:\Program Files (x86)\Microsoft\Edge\Application\139.0.3405.119\elevation_service.exe"""
"MixedRealityOpenXRSvc","Windows Mixed Reality OpenXR Service","Stopped","Manual","LocalSystem","C:\Windows\system32\svchost.exe -k LocalSystemNetworkRestricted -p"
"MSDTC","Distributed Transaction Coordinator","Stopped","Manual","NT AUTHORITY\NetworkService","C:\Windows\System32\msdtc.exe"
"MSiSCSI","Microsoft iSCSI Initiator Service","Stopped","Manual","LocalSystem","C:\Windows\system32\svchost.exe -k netsvcs -p"
"msiserver","Windows Installer","Stopped","Manual","LocalSystem","C:\Windows\system32\msiexec.exe /V"
"NaturalAuthentication","Natural Authentication","Stopped","Manual","LocalSystem","C:\Windows\system32\svchost.exe -k netsvcs -p"
"NcaSvc","Network Connectivity Assistant","Stopped","Manual","LocalSystem","C:\Windows\System32\svchost.exe -k NetSvcs -p"
"NcdAutoSetup","Network Connected Devices Auto-Setup","Stopped","Manual","NT AUTHORITY\LocalService","C:\Windows\System32\svchost.exe -k LocalServiceNoNetwork -p"
"Netlogon","Netlogon","Stopped","Manual","LocalSystem","C:\Windows\system32\lsass.exe"
"Netman","Network Connections","Stopped","Manual","LocalSystem","C:\Windows\System32\svchost.exe -k LocalSystemNetworkRestricted -p"
"NetTcpPortSharing","Net.Tcp Port Sharing Service","Stopped","Disabled","NT AUTHORITY\LocalService","C:\Windows\Microsoft.NET\Framework64\v4.0.30319\SMSvcHost.exe"
"NlaSvc","Network Location Awareness","Stopped","Manual","NT AUTHORITY\NetworkService","C:\Windows\System32\svchost.exe -k netprofm -p"
"OverwolfUpdater","Overwolf Updater Windows SCM","Stopped","Disabled","LocalSystem","""C:\Program Files (x86)\Common Files\Overwolf\OverwolfUpdater.exe"" /RunningFrom SCM"
"p2pimsvc","Peer Networking Identity Manager","Stopped","Manual","NT AUTHORITY\LocalService","C:\Windows\System32\svchost.exe -k LocalServicePeerNet"
"p2psvc","Peer Networking Grouping","Stopped","Manual","NT AUTHORITY\LocalService","C:\Windows\System32\svchost.exe -k LocalServicePeerNet"
"P9RdrService_a93da","P9RdrService_a93da","Stopped","Manual",,"C:\Windows\system32\svchost.exe -k P9RdrService -p"
"PenService_a93da","PenService_a93da","Stopped","Manual",,"C:\Windows\system32\svchost.exe -k PenService"
"perceptionsimulation","Windows Perception Simulation Service","Stopped","Manual","LocalSystem","C:\Windows\system32\PerceptionSimulation\PerceptionSimulationService.exe"
"PerfHost","Performance Counter DLL Host","Stopped","Manual","NT AUTHORITY\LocalService","C:\Windows\SysWow64\perfhost.exe"
"PhoneSvc","Phone Service","Stopped","Manual","NT Authority\LocalService","C:\Windows\system32\svchost.exe -k LocalService -p"
"PimIndexMaintenanceSvc_a93da","Contact Data_a93da","Stopped","Manual",,"C:\Windows\system32\svchost.exe -k UnistackSvcGroup"
"pla","Performance Logs & Alerts","Stopped","Manual","NT AUTHORITY\LocalService","C:\Windows\System32\svchost.exe -k LocalServiceNoNetwork -p"
"PNRPAutoReg","PNRP Machine Name Publication Service","Stopped","Manual","NT AUTHORITY\LocalService","C:\Windows\System32\svchost.exe -k LocalServicePeerNet"
"PNRPsvc","Peer Name Resolution Protocol","Stopped","Manual","NT AUTHORITY\LocalService","C:\Windows\System32\svchost.exe -k LocalServicePeerNet"
"PrintNotify","Printer Extensions and Notifications","Stopped","Manual","LocalSystem","C:\Windows\system32\svchost.exe -k print"
"PrintWorkflowUserSvc_a93da","PrintWorkflow_a93da","Stopped","Manual",,"C:\Windows\system32\svchost.exe -k PrintWorkflow"
"PrivateVPN Daemon","PrivateVPN Daemon","Stopped","Disabled","LocalSystem","""C:\Program Files (x86)\PrivateVPN Client\PrivateVpnDaemon.exe"""
"PushToInstall","Windows PushToInstall Service","Stopped","Manual","LocalSystem","C:\Windows\System32\svchost.exe -k netsvcs -p"
"QWAVE","Quality Windows Audio Video Experience","Stopped","Manual","NT AUTHORITY\LocalService","C:\Windows\system32\svchost.exe -k LocalServiceAndNoImpersonation -p"
"RasAuto","Remote Access Auto Connection Manager","Stopped","Manual","localSystem","C:\Windows\System32\svchost.exe -k netsvcs -p"
"RemoteAccess","Routing and Remote Access","Stopped","Disabled","localSystem","C:\Windows\System32\svchost.exe -k netsvcs"
"RemoteRegistry","Remote Registry","Stopped","Disabled","NT AUTHORITY\LocalService","C:\Windows\system32\svchost.exe -k localService -p"
"RetailDemo","Retail Demo Service","Stopped","Manual","LocalSystem","C:\Windows\System32\svchost.exe -k rdxgroup"
"RpcLocator","Remote Procedure Call (RPC) Locator","Stopped","Manual","NT AUTHORITY\NetworkService","C:\Windows\system32\locator.exe"
"RstMwService","Intel(R) Storage Middleware Service","Stopped","Auto","LocalSystem","C:\Windows\System32\DriverStore\FileRepository\iastorvd.inf_amd64_346bd04e375689ec\RstMwService.exe"
"SCardSvr","Smart Card","Stopped","Manual","NT AUTHORITY\LocalService","C:\Windows\system32\svchost.exe -k LocalServiceAndNoImpersonation"
"ScDeviceEnum","Smart Card Device Enumeration Service","Stopped","Manual","LocalSystem","C:\Windows\system32\svchost.exe -k LocalSystemNetworkRestricted"
"SCPolicySvc","Smart Card Removal Policy","Stopped","Manual","LocalSystem","C:\Windows\system32\svchost.exe -k netsvcs"
"SDRSVC","Windows Backup","Stopped","Manual","localSystem","C:\Windows\system32\svchost.exe -k SDRSVC"
"SEMgrSvc","Payments and NFC/SE Manager","Stopped","Manual","NT AUTHORITY\LocalService","C:\Windows\system32\svchost.exe -k LocalService -p"
"SensorDataService","Sensor Data Service","Stopped","Manual","LocalSystem","C:\Windows\System32\SensorDataService.exe"
"SensorService","Sensor Service","Stopped","Manual","LocalSystem","C:\Windows\system32\svchost.exe -k LocalSystemNetworkRestricted -p"
"SensrSvc","Sensor Monitoring Service","Stopped","Manual","NT AUTHORITY\LocalService","C:\Windows\system32\svchost.exe -k LocalServiceAndNoImpersonation -p"
"SessionEnv","Remote Desktop Configuration","Stopped","Manual","localSystem","C:\Windows\System32\svchost.exe -k netsvcs -p"
"SharedAccess","Internet Connection Sharing (ICS)","Stopped","Manual","LocalSystem","C:\Windows\System32\svchost.exe -k netsvcs -p"
"SharedRealitySvc","Spatial Data Service","Stopped","Manual","NT AUTHORITY\LocalService","C:\Windows\system32\svchost.exe -k LocalService -p"
"shpamsvc","Shared PC Account Manager","Stopped","Disabled","LocalSystem","C:\Windows\System32\svchost.exe -k netsvcs -p"
"smphost","Microsoft Storage Spaces SMP","Stopped","Manual","NT AUTHORITY\NetworkService","C:\Windows\System32\svchost.exe -k smphost"
"SmsRouter","Microsoft Windows SMS Router Service.","Stopped","Manual","NT Authority\LocalService","C:\Windows\system32\svchost.exe -k LocalServiceNetworkRestricted -p"
"SNMPTrap","SNMP Trap","Stopped","Manual","NT AUTHORITY\LocalService","C:\Windows\System32\snmptrap.exe"
"spectrum","Windows Perception Service","Stopped","Manual","NT AUTHORITY\LocalService","C:\Windows\system32\spectrum.exe"
"sppsvc","Software Protection","Stopped","Auto","NT AUTHORITY\NetworkService","C:\Windows\system32\sppsvc.exe"
"SQLWriter","SQL Server VSS Writer","Stopped","Disabled","LocalSystem","""C:\Program Files\Microsoft SQL Server\90\Shared\sqlwriter.exe"""
"ssh-agent","OpenSSH Authentication Agent","Stopped","Disabled","LocalSystem","C:\Windows\System32\OpenSSH\ssh-agent.exe"
"Steam Client Service","Steam Client Service","Stopped","Manual","LocalSystem","""C:\Program Files (x86)\Common Files\Steam\steamservice.exe"" /RunAsService"
"SteelSeriesUpdateService","SteelSeries Update Service","Stopped","Manual","LocalSystem","""C:\Program Files\SteelSeries\GG\SteelSeriesUpdateService.exe"""
"svsvc","Spot Verifier","Stopped","Manual","LocalSystem","C:\Windows\system32\svchost.exe -k LocalSystemNetworkRestricted -p"
"swprv","Microsoft Software Shadow Copy Provider","Stopped","Manual","LocalSystem","C:\Windows\System32\svchost.exe -k swprv"
"TermService","Remote Desktop Services","Stopped","Manual","NT Authority\NetworkService","C:\Windows\System32\svchost.exe -k NetworkService"
"TieringEngineService","Storage Tiers Management","Stopped","Manual","localSystem","C:\Windows\system32\TieringEngineService.exe"
"TrkWks","Distributed Link Tracking Client","Stopped","Manual","LocalSystem","C:\Windows\System32\svchost.exe -k LocalSystemNetworkRestricted -p"
"TroubleshootingSvc","Recommended Troubleshooting Service","Stopped","Manual","LocalSystem","C:\Windows\system32\svchost.exe -k netsvcs -p"
"tzautoupdate","Auto Time Zone Updater","Stopped","Disabled","NT AUTHORITY\LocalService","C:\Windows\system32\svchost.exe -k LocalService -p"
"uhssvc","Microsoft Update Health Service","Stopped","Disabled","LocalSystem","""C:\Program Files\Microsoft Update Health Tools\uhssvc.exe"""
"UmRdpService","Remote Desktop Services UserMode Port Redirector","Stopped","Manual","localSystem","C:\Windows\System32\svchost.exe -k LocalSystemNetworkRestricted -p"
"UnistoreSvc_a93da","User Data Storage_a93da","Stopped","Manual",,"C:\Windows\System32\svchost.exe -k UnistackSvcGroup"
"upnphost","UPnP Device Host","Stopped","Manual","NT AUTHORITY\LocalService","C:\Windows\system32\svchost.exe -k LocalServiceAndNoImpersonation -p"
"UserDataSvc_a93da","User Data Access_a93da","Stopped","Manual",,"C:\Windows\system32\svchost.exe -k UnistackSvcGroup"
"VacSvc","Volumetric Audio Compositor Service","Stopped","Manual","NT AUTHORITY\LocalService","C:\Windows\System32\svchost.exe -k LocalServiceNetworkRestricted -p"
"vds","Virtual Disk","Stopped","Manual","LocalSystem","C:\Windows\System32\vds.exe"
"vmicguestinterface","Hyper-V Guest Service Interface","Stopped","Manual","LocalSystem","C:\Windows\system32\svchost.exe -k LocalSystemNetworkRestricted -p"
"vmicheartbeat","Hyper-V Heartbeat Service","Stopped","Manual","LocalSystem","C:\Windows\system32\svchost.exe -k ICService -p"
"vmickvpexchange","Hyper-V Data Exchange Service","Stopped","Manual","LocalSystem","C:\Windows\system32\svchost.exe -k LocalSystemNetworkRestricted -p"
"vmicrdv","Hyper-V Remote Desktop Virtualization Service","Stopped","Manual","LocalSystem","C:\Windows\system32\svchost.exe -k ICService -p"
"vmicshutdown","Hyper-V Guest Shutdown Service","Stopped","Manual","LocalSystem","C:\Windows\system32\svchost.exe -k LocalSystemNetworkRestricted -p"
"vmictimesync","Hyper-V Time Synchronization Service","Stopped","Manual","NT AUTHORITY\LocalService","C:\Windows\system32\svchost.exe -k LocalServiceNetworkRestricted -p"
"vmicvmsession","Hyper-V PowerShell Direct Service","Stopped","Manual","LocalSystem","C:\Windows\system32\svchost.exe -k LocalSystemNetworkRestricted -p"
"vmicvss","Hyper-V Volume Shadow Copy Requestor","Stopped","Manual","LocalSystem","C:\Windows\system32\svchost.exe -k LocalSystemNetworkRestricted -p"
"VSInstallerElevationService","Visual Studio Installer Elevation Service","Stopped","Manual","LocalSystem","""C:\Program Files (x86)\Microsoft Visual Studio\Installer\VSInstallerElevationService.exe"""
"VSS","Volume Shadow Copy","Stopped","Manual","LocalSystem","C:\Windows\system32\vssvc.exe"
"VSStandardCollectorService150","Visual Studio Standard Collector Service 150","Stopped","Manual","LocalSystem","""C:\Program Files (x86)\Microsoft Visual Studio\Shared\Common\DiagnosticsHub.Collection.Service\StandardCollector.Service.exe"""
"WaaSMedicSvc","WaaSMedicSvc","Stopped","Manual","LocalSystem","C:\Windows\system32\svchost.exe -k wusvcs -p"
"WalletService","WalletService","Stopped","Manual","LocalSystem","C:\Windows\System32\svchost.exe -k appmodel -p"
"WarpJITSvc","Warp JIT Service","Stopped","Manual","NT Authority\LocalService","C:\Windows\System32\svchost.exe -k LocalServiceNetworkRestricted"
"wbengine","Block Level Backup Engine Service","Stopped","Manual","localSystem","""C:\Windows\system32\wbengine.exe"""
"WbioSrvc","Windows Biometric Service","Stopped","Manual","LocalSystem","C:\Windows\system32\svchost.exe -k WbioSvcGroup"
"wcncsvc","Windows Connect Now - Config Registrar","Stopped","Manual","NT AUTHORITY\LocalService","C:\Windows\System32\svchost.exe -k LocalServiceAndNoImpersonation -p"
"WdiServiceHost","Diagnostic Service Host","Stopped","Manual","NT AUTHORITY\LocalService","C:\Windows\System32\svchost.exe -k LocalService -p"
"WdiSystemHost","Diagnostic System Host","Stopped","Manual","LocalSystem","C:\Windows\System32\svchost.exe -k LocalSystemNetworkRestricted -p"
"WebClient","WebClient","Stopped","Manual","NT AUTHORITY\LocalService","C:\Windows\system32\svchost.exe -k LocalService -p"
"Wecsvc","Windows Event Collector","Stopped","Manual","NT AUTHORITY\NetworkService","C:\Windows\system32\svchost.exe -k NetworkService -p"
"WEPHOSTSVC","Windows Encryption Provider Host Service","Stopped","Manual","NT AUTHORITY\LocalService","C:\Windows\system32\svchost.exe -k WepHostSvcGroup"
"wercplsupport","Problem Reports Control Panel Support","Stopped","Manual","localSystem","C:\Windows\System32\svchost.exe -k netsvcs -p"
"WerSvc","Windows Error Reporting Service","Stopped","Manual","localSystem","C:\Windows\System32\svchost.exe -k WerSvcGroup"
"WFDSConMgrSvc","Wi-Fi Direct Services Connection Manager Service","Stopped","Manual","NT AUTHORITY\LocalService","C:\Windows\system32\svchost.exe -k LocalServiceNetworkRestricted -p"
"WiaRpc","Still Image Acquisition Events","Stopped","Manual","LocalSystem","C:\Windows\system32\svchost.exe -k LocalSystemNetworkRestricted -p"
"WifiAutoInstallSrv","Wifi AutoInstall Service","Stopped","Disabled","LocalSystem","C:\Program Files\WiFi6\WifiAutoInstall\WifiAutoInstallSrv.exe"
"WinRM","Windows Remote Management (WS-Management)","Stopped","Manual","NT AUTHORITY\NetworkService","C:\Windows\System32\svchost.exe -k NetworkService -p"
"wisvc","Windows Insider Service","Stopped","Manual","LocalSystem","C:\Windows\system32\svchost.exe -k netsvcs -p"
"wlidsvc","Microsoft Account Sign-in Assistant","Stopped","Manual","LocalSystem","C:\Windows\system32\svchost.exe -k netsvcs -p"
"wlpasvc","Local Profile Assistant Service","Stopped","Manual","NT Authority\LocalService","C:\Windows\system32\svchost.exe -k LocalServiceNetworkRestricted -p"
"WManSvc","Windows Management Service","Stopped","Manual","LocalSystem","C:\Windows\system32\svchost.exe -k netsvcs -p"
"wmiApSrv","WMI Performance Adapter","Stopped","Manual","localSystem","C:\Windows\system32\wbem\WmiApSrv.exe"
"WMPNetworkSvc","Windows Media Player Network Sharing Service","Stopped","Manual","NT AUTHORITY\NetworkService","""C:\Program Files\Windows Media Player\wmpnetwk.exe"""
"workfolderssvc","Work Folders","Stopped","Manual","NT AUTHORITY\LocalService","C:\Windows\System32\svchost.exe -k LocalService -p"
"WpcMonSvc","Parental Controls","Stopped","Manual","LocalSystem","C:\Windows\system32\svchost.exe -k LocalService"
"WPDBusEnum","Portable Device Enumerator Service","Stopped","Manual","LocalSystem","C:\Windows\system32\svchost.exe -k LocalSystemNetworkRestricted"
"WslInstaller","Windows Subsystem for Linux","Stopped","Auto","LocalSystem","""C:\Program Files\WindowsApps\MicrosoftCorporationII.WindowsSubsystemForLinux_2.5.10.0_x64__8wekyb3d8bbwe\wslinstaller.exe"""
"wuauserv","Windows Update","Stopped","Manual","LocalSystem","C:\Windows\system32\svchost.exe -k netsvcs -p"
"WwanSvc","WWAN AutoConfig","Stopped","Manual","localSystem","C:\Windows\system32\svchost.exe -k LocalSystemNetworkRestricted -p"
"XblGameSave","Xbox Live Game Save","Stopped","Manual","LocalSystem","C:\Windows\system32\svchost.exe -k netsvcs -p"
"XboxGipSvc","Xbox Accessory Management Service","Stopped","Manual","LocalSystem","C:\Windows\system32\svchost.exe -k netsvcs -p"
"XboxNetApiSvc","Xbox Live Networking Service","Stopped","Manual","LocalSystem","C:\Windows\system32\svchost.exe -k netsvcs -p"
